INSERT INTO `soul`.`scale_evaluation`(`id`, `name`, `detail`, `warning`, `deleted`) VALUES (7, '贝克抑郁自评量表(BDI)', '这份问卷有21组陈述。仔细阅读每一组陈述，然后根据您近一周(包括今天)的感觉，从每一组
选一条最适合您情况的项目，将旁边的数字圈起来。先把每组陈述全部看完，再选择圈哪个项目。', '无', 0);

INSERT INTO `soul`.`scale_question`(`id`, `content`, `deleted`, `evaluation_id`) VALUES (84, '', 0, 7);
INSERT INTO `soul`.`scale_question`(`id`, `content`, `deleted`, `evaluation_id`) VALUES (85, ' ', 0, 7);
INSERT INTO `soul`.`scale_question`(`id`, `content`, `deleted`, `evaluation_id`) VALUES (86, '', 0, 7);
INSERT INTO `soul`.`scale_question`(`id`, `content`, `deleted`, `evaluation_id`) VALUES (87, '', 0, 7);
INSERT INTO `soul`.`scale_question`(`id`, `content`, `deleted`, `evaluation_id`) VALUES (88, '', 0, 7);
INSERT INTO `soul`.`scale_question`(`id`, `content`, `deleted`, `evaluation_id`) VALUES (89, '', 0, 7);
INSERT INTO `soul`.`scale_question`(`id`, `content`, `deleted`, `evaluation_id`) VALUES (90, '', 0, 7);
INSERT INTO `soul`.`scale_question`(`id`, `content`, `deleted`, `evaluation_id`) VALUES (91, '', 0, 7);
INSERT INTO `soul`.`scale_question`(`id`, `content`, `deleted`, `evaluation_id`) VALUES (92, '', 0, 7);
INSERT INTO `soul`.`scale_question`(`id`, `content`, `deleted`, `evaluation_id`) VALUES (93, '', 0, 7);
INSERT INTO `soul`.`scale_question`(`id`, `content`, `deleted`, `evaluation_id`) VALUES (94, '', 0, 7);
INSERT INTO `soul`.`scale_question`(`id`, `content`, `deleted`, `evaluation_id`) VALUES (95, '', 0, 7);
INSERT INTO `soul`.`scale_question`(`id`, `content`, `deleted`, `evaluation_id`) VALUES (96, '', 0, 7);
INSERT INTO `soul`.`scale_question`(`id`, `content`, `deleted`, `evaluation_id`) VALUES (97, '', 0, 7);
INSERT INTO `soul`.`scale_question`(`id`, `content`, `deleted`, `evaluation_id`) VALUES (98, '', 0, 7);
INSERT INTO `soul`.`scale_question`(`id`, `content`, `deleted`, `evaluation_id`) VALUES (99, '', 0, 7);
INSERT INTO `soul`.`scale_question`(`id`, `content`, `deleted`, `evaluation_id`) VALUES (100, '', 0, 7);
INSERT INTO `soul`.`scale_question`(`id`, `content`, `deleted`, `evaluation_id`) VALUES (101, '', 0, 7);
INSERT INTO `soul`.`scale_question`(`id`, `content`, `deleted`, `evaluation_id`) VALUES (102, '', 0, 7);
INSERT INTO `soul`.`scale_question`(`id`, `content`, `deleted`, `evaluation_id`) VALUES (103, '', 0, 7);


INSERT INTO `soul`.`scale_option`(`id`, `content`, `score`, `deleted`, `question_id`) VALUES (211, '我不感到悲伤', 0, 0, 84);
INSERT INTO `soul`.`scale_option`(`id`, `content`, `score`, `deleted`, `question_id`) VALUES (212, '我感到悲伤', 1, 0, 84);
INSERT INTO `soul`.`scale_option`(`id`, `content`, `score`, `deleted`, `question_id`) VALUES (213, '我始终悲伤，不能自制', 2, 0, 84);
INSERT INTO `soul`.`scale_option`(`id`, `content`, `score`, `deleted`, `question_id`) VALUES (214, '我太悲伤或不愉快，不堪忍受', 3, 0, 84);
INSERT INTO `soul`.`scale_option`(`id`, `content`, `score`, `deleted`, `question_id`) VALUES (215, '我对将来并不失望', 0, 0, 85);
INSERT INTO `soul`.`scale_option`(`id`, `content`, `score`, `deleted`, `question_id`) VALUES (216, '对未来我感到心灰意冷', 1, 0, 85);
INSERT INTO `soul`.`scale_option`(`id`, `content`, `score`, `deleted`, `question_id`) VALUES (217, '我感到全景暗淡', 2, 0, 85);
INSERT INTO `soul`.`scale_option`(`id`, `content`, `score`, `deleted`, `question_id`) VALUES (218, '我觉得将来毫无希望，无法改善', 3, 0, 85);
INSERT INTO `soul`.`scale_option`(`id`, `content`, `score`, `deleted`, `question_id`) VALUES (219, '我没有感到失败', 0, 0, 86);
INSERT INTO `soul`.`scale_option`(`id`, `content`, `score`, `deleted`, `question_id`) VALUES (220, '我觉得比一般人失败要多一些', 1, 0, 86);
INSERT INTO `soul`.`scale_option`(`id`, `content`, `score`, `deleted`, `question_id`) VALUES (221, '回首往事，我能看到的是很多次失败', 2, 0, 86);
INSERT INTO `soul`.`scale_option`(`id`, `content`, `score`, `deleted`, `question_id`) VALUES (222, '我觉得我是一个完全失败的人', 3, 0, 86);
INSERT INTO `soul`.`scale_option`(`id`, `content`, `score`, `deleted`, `question_id`) VALUES (223, '我和以前一样，从各种事件中得到满足 ', 0, 0, 87);
INSERT INTO `soul`.`scale_option`(`id`, `content`, `score`, `deleted`, `question_id`) VALUES (224, '我不象往常一样从各种事件中得到满足', 1, 0, 87);
INSERT INTO `soul`.`scale_option`(`id`, `content`, `score`, `deleted`, `question_id`) VALUES (225, '我不再能从各种事件中得到真正的满足', 2, 0, 87);
INSERT INTO `soul`.`scale_option`(`id`, `content`, `score`, `deleted`, `question_id`) VALUES (226, '我对一切事情都不满意或感到枯燥无味', 3, 0, 87);
INSERT INTO `soul`.`scale_option`(`id`, `content`, `score`, `deleted`, `question_id`) VALUES (227, '我不感到罪过', 0, 0, 88);
INSERT INTO `soul`.`scale_option`(`id`, `content`, `score`, `deleted`, `question_id`) VALUES (228, '我在相当部分的时间里感到罪过', 1, 0, 88);
INSERT INTO `soul`.`scale_option`(`id`, `content`, `score`, `deleted`, `question_id`) VALUES (229, '我在大部分时间里觉得有罪', 2, 0, 88);
INSERT INTO `soul`.`scale_option`(`id`, `content`, `score`, `deleted`, `question_id`) VALUES (230, '我在任何时候都觉得有罪', 3, 0, 88);
INSERT INTO `soul`.`scale_option`(`id`, `content`, `score`, `deleted`, `question_id`) VALUES (231, '我没有觉得受到惩罚', 0, 0, 89);
INSERT INTO `soul`.`scale_option`(`id`, `content`, `score`, `deleted`, `question_id`) VALUES (232, '我觉得可能受到惩罚', 1, 0, 89);
INSERT INTO `soul`.`scale_option`(`id`, `content`, `score`, `deleted`, `question_id`) VALUES (233, '我预料将受到惩罚', 2, 0, 89);
INSERT INTO `soul`.`scale_option`(`id`, `content`, `score`, `deleted`, `question_id`) VALUES (234, '我觉得正受到惩罚', 3, 0, 89);
INSERT INTO `soul`.`scale_option`(`id`, `content`, `score`, `deleted`, `question_id`) VALUES (235, '我对自己并不失望', 0, 0, 90);
INSERT INTO `soul`.`scale_option`(`id`, `content`, `score`, `deleted`, `question_id`) VALUES (236, '我对自己感到失望', 1, 0, 90);
INSERT INTO `soul`.`scale_option`(`id`, `content`, `score`, `deleted`, `question_id`) VALUES (237, '我对自己感到讨厌', 2, 0, 90);
INSERT INTO `soul`.`scale_option`(`id`, `content`, `score`, `deleted`, `question_id`) VALUES (238, '我恨我自己', 3, 0, 90);
INSERT INTO `soul`.`scale_option`(`id`, `content`, `score`, `deleted`, `question_id`) VALUES (239, '我觉得我并不比其他人更不好', 0, 0, 91);
INSERT INTO `soul`.`scale_option`(`id`, `content`, `score`, `deleted`, `question_id`) VALUES (240, '我对自己的弱点和错误要批判', 1, 0, 91);
INSERT INTO `soul`.`scale_option`(`id`, `content`, `score`, `deleted`, `question_id`) VALUES (241, '我在所有的时间里都责备自己的过错', 2, 0, 91);
INSERT INTO `soul`.`scale_option`(`id`, `content`, `score`, `deleted`, `question_id`) VALUES (242, '我责备自己所有的事情都弄坏了', 3, 0, 91);
INSERT INTO `soul`.`scale_option`(`id`, `content`, `score`, `deleted`, `question_id`) VALUES (243, '我没有任何想弄死自己的想法', 0, 0, 92);
INSERT INTO `soul`.`scale_option`(`id`, `content`, `score`, `deleted`, `question_id`) VALUES (244, '我有自杀的想法，但我不会去做', 1, 0, 92);
INSERT INTO `soul`.`scale_option`(`id`, `content`, `score`, `deleted`, `question_id`) VALUES (245, '我想自杀', 2, 0, 92);
INSERT INTO `soul`.`scale_option`(`id`, `content`, `score`, `deleted`, `question_id`) VALUES (246, '如果有机会我就自杀', 3, 0, 92);
INSERT INTO `soul`.`scale_option`(`id`, `content`, `score`, `deleted`, `question_id`) VALUES (247, '我哭泣和往常一样 ', 0, 0, 93);
INSERT INTO `soul`.`scale_option`(`id`, `content`, `score`, `deleted`, `question_id`) VALUES (248, '我比往常哭的多', 1, 0, 93);
INSERT INTO `soul`.`scale_option`(`id`, `content`, `score`, `deleted`, `question_id`) VALUES (249, '我现在一直要哭', 2, 0, 93);
INSERT INTO `soul`.`scale_option`(`id`, `content`, `score`, `deleted`, `question_id`) VALUES (250, '我过去能哭，但现在要哭也哭不出来', 3, 0, 93);
INSERT INTO `soul`.`scale_option`(`id`, `content`, `score`, `deleted`, `question_id`) VALUES (251, '和过去相比，我现在生气并不多', 0, 0, 94);
INSERT INTO `soul`.`scale_option`(`id`, `content`, `score`, `deleted`, `question_id`) VALUES (252, '我现在比往常更容易生气发火', 1, 0, 94);
INSERT INTO `soul`.`scale_option`(`id`, `content`, `score`, `deleted`, `question_id`) VALUES (253, '我觉得现在所有的时间都容易生气', 2, 0, 94);
INSERT INTO `soul`.`scale_option`(`id`, `content`, `score`, `deleted`, `question_id`) VALUES (254, '过去使我生气的事，现在一点也不能使我生气了', 3, 0, 94);
INSERT INTO `soul`.`scale_option`(`id`, `content`, `score`, `deleted`, `question_id`) VALUES (255, '我对其他人没有失去兴趣', 0, 0, 95);
INSERT INTO `soul`.`scale_option`(`id`, `content`, `score`, `deleted`, `question_id`) VALUES (256, '和过去相比，我对别人的兴趣减少了', 1, 0, 95);
INSERT INTO `soul`.`scale_option`(`id`, `content`, `score`, `deleted`, `question_id`) VALUES (257, '我对别人的兴趣大部分失去了', 2, 0, 95);
INSERT INTO `soul`.`scale_option`(`id`, `content`, `score`, `deleted`, `question_id`) VALUES (258, '我对别人的兴趣已全部丧失了', 3, 0, 95);
INSERT INTO `soul`.`scale_option`(`id`, `content`, `score`, `deleted`, `question_id`) VALUES (259, '我作决定和过去一样好', 0, 0, 96);
INSERT INTO `soul`.`scale_option`(`id`, `content`, `score`, `deleted`, `question_id`) VALUES (260, '我推迟作出决定比过去多了', 1, 0, 96);
INSERT INTO `soul`.`scale_option`(`id`, `content`, `score`, `deleted`, `question_id`) VALUES (261, '我作决定比以前困难大的多', 2, 0, 96);
INSERT INTO `soul`.`scale_option`(`id`, `content`, `score`, `deleted`, `question_id`) VALUES (262, '我再也不能作出决定了', 3, 0, 96);
INSERT INTO `soul`.`scale_option`(`id`, `content`, `score`, `deleted`, `question_id`) VALUES (263, '我觉得看上去我的外表并不比过去差 ', 0, 0, 97);
INSERT INTO `soul`.`scale_option`(`id`, `content`, `score`, `deleted`, `question_id`) VALUES (264, '我担心看上去我显得老了，没吸引力了', 1, 0, 97);
INSERT INTO `soul`.`scale_option`(`id`, `content`, `score`, `deleted`, `question_id`) VALUES (265, '我觉得我的外貌有些固定的变化，使我难看了', 2, 0, 97);
INSERT INTO `soul`.`scale_option`(`id`, `content`, `score`, `deleted`, `question_id`) VALUES (266, '我相信我看起来很丑陋', 3, 0, 97);
INSERT INTO `soul`.`scale_option`(`id`, `content`, `score`, `deleted`, `question_id`) VALUES (267, '我工作和以前一样好 ', 0, 0, 98);
INSERT INTO `soul`.`scale_option`(`id`, `content`, `score`, `deleted`, `question_id`) VALUES (268, '要着手做事，我现在要额外花些力气', 1, 0, 98);
INSERT INTO `soul`.`scale_option`(`id`, `content`, `score`, `deleted`, `question_id`) VALUES (269, '无论做什么事我必须努力', 2, 0, 98);
INSERT INTO `soul`.`scale_option`(`id`, `content`, `score`, `deleted`, `question_id`) VALUES (270, '我什么工作也不能做了催促自己才行', 3, 0, 98);
INSERT INTO `soul`.`scale_option`(`id`, `content`, `score`, `deleted`, `question_id`) VALUES (271, '我睡觉与往常一样好', 0, 0, 99);
INSERT INTO `soul`.`scale_option`(`id`, `content`, `score`, `deleted`, `question_id`) VALUES (272, '我睡觉不如过去好', 1, 0, 99);
INSERT INTO `soul`.`scale_option`(`id`, `content`, `score`, `deleted`, `question_id`) VALUES (273, '我比往常早醒1~2小时，难以再入睡', 2, 0, 99);
INSERT INTO `soul`.`scale_option`(`id`, `content`, `score`, `deleted`, `question_id`) VALUES (274, '我比往常早醒几个小时，不能再睡', 3, 0, 99);
INSERT INTO `soul`.`scale_option`(`id`, `content`, `score`, `deleted`, `question_id`) VALUES (275, '我并不感到比往常更疲乏', 0, 0, 100);
INSERT INTO `soul`.`scale_option`(`id`, `content`, `score`, `deleted`, `question_id`) VALUES (276, '我比过去更容易感到疲乏', 1, 0, 100);
INSERT INTO `soul`.`scale_option`(`id`, `content`, `score`, `deleted`, `question_id`) VALUES (277, '几乎不管做什么，我都感到疲乏无力', 2, 0, 100);
INSERT INTO `soul`.`scale_option`(`id`, `content`, `score`, `deleted`, `question_id`) VALUES (278, '我太疲乏无力，不能做任何事情', 3, 0, 100);
INSERT INTO `soul`.`scale_option`(`id`, `content`, `score`, `deleted`, `question_id`) VALUES (279, '我的⻝欲与往常一样', 0, 0, 101);
INSERT INTO `soul`.`scale_option`(`id`, `content`, `score`, `deleted`, `question_id`) VALUES (280, '我的食欲不如过去好', 1, 0, 101);
INSERT INTO `soul`.`scale_option`(`id`, `content`, `score`, `deleted`, `question_id`) VALUES (281, '我现在的食欲差得多了', 2, 0, 101);
INSERT INTO `soul`.`scale_option`(`id`, `content`, `score`, `deleted`, `question_id`) VALUES (282, '我一点也没有食欲了', 3, 0, 101);
INSERT INTO `soul`.`scale_option`(`id`, `content`, `score`, `deleted`, `question_id`) VALUES (283, '最近我的体重并无很大减轻', 0, 0, 102);
INSERT INTO `soul`.`scale_option`(`id`, `content`, `score`, `deleted`, `question_id`) VALUES (284, '我的体重下降了5磅(约2.25kg)以上', 1, 0, 102);
INSERT INTO `soul`.`scale_option`(`id`, `content`, `score`, `deleted`, `question_id`) VALUES (285, '我的体重下降了10磅以上', 2, 0, 102);
INSERT INTO `soul`.`scale_option`(`id`, `content`, `score`, `deleted`, `question_id`) VALUES (286, '我的体重下降15磅以上', 3, 0, 102);
INSERT INTO `soul`.`scale_option`(`id`, `content`, `score`, `deleted`, `question_id`) VALUES (287, '我对最近的健康状况并不比往常更担心', 0, 0, 103);
INSERT INTO `soul`.`scale_option`(`id`, `content`, `score`, `deleted`, `question_id`) VALUES (288, '我担心身体上的问题，如疼痛、胃不适或便秘', 1, 0, 103);
INSERT INTO `soul`.`scale_option`(`id`, `content`, `score`, `deleted`, `question_id`) VALUES (289, '我非常担心身体问题，想别的事情很难', 2, 0, 103);
INSERT INTO `soul`.`scale_option`(`id`, `content`, `score`, `deleted`, `question_id`) VALUES (290, '我对身体问题如此担忧，以致不能想其他任何事情', 3, 0, 103);
INSERT INTO `soul`.`scale_option`(`id`, `content`, `score`, `deleted`, `question_id`) VALUES (293, '我没有发现我对性的兴趣最近有什么变化', 0, 0, 104);
INSERT INTO `soul`.`scale_option`(`id`, `content`, `score`, `deleted`, `question_id`) VALUES (294, '我对性的兴趣比过去降低了 ', 1, 0, 104);
INSERT INTO `soul`.`scale_option`(`id`, `content`, `score`, `deleted`, `question_id`) VALUES (295, '现在我对性的兴趣又大下降', 2, 0, 104);
INSERT INTO `soul`.`scale_option`(`id`, `content`, `score`, `deleted`, `question_id`) VALUES (296, '我对性的兴趣已经完全丧失', 3, 0, 104);



INSERT INTO `soul`.`scale_evaluationrate`(`id`, `min`, `max`, `level`, `content`, `deleted`, `evaluation_id`, `advice`, `level_text`) VALUES (12, 0, 9, 1, '你懂得自我调节，不会让情绪一直处于低落、忧郁的状态中。你知道如何应对生活中的事情,即使经历挫折和打击，也一样能够以积极的态度认识并接纳自己，让自己重新获得快乐的体验，在人际交往上，你可以客观的评价自己，不太容易因为他人的评价和态度而怀疑自我。', 0, 7, '开卷有益，多阅读一些心理学、哲学和人文生活类的书籍，可以提高我们的认知水平，帮助我们超越过去的思想局限，培养积极向.上的思维模式。世界.上有很多人和事，他们有的感人，有的则发人深省，多阅读坚强面对困难的人和事，树立信心，相比较之下，我们面对的只是小问题。', '无抑郁');
INSERT INTO `soul`.`scale_evaluationrate`(`id`, `min`, `max`, `level`, `content`, `deleted`, `evaluation_id`, `advice`, `level_text`) VALUES (13, 10, 18, 2, '最近，你有时会出现心情低落、不安敏感的情况;有时会觉得注意力很难集中、工作效率也没有以前高，有时又会感到感到精神不济、对外界的好奇心减少。但这些情况出现的频率并不高，多数情况下，你仍可以保持自己的日常生活和工作不被自己的情绪所影响。在某些情况下，你会选择通过和大家说笑的方式来转移自己的注意力，但这个方法并不总是有效，有时反而让你觉得很累，甚至感到更加疲惫。', 0, 7, '负性情绪出现的时候，我们会本能的想要它消失，却又不知从何下手，这种想法会让我们的情绪困扰越来越严重。如果反过来，试着允许自己出面负面情绪，直面他们，反而不安会减少。每- -种情绪，都有好处和坏处。最大化那些好的部分，与坏的部分握手言和，学会从不同的视角看待同- -件事情，说不定你会有新的收获哦!', '轻度抑郁');
INSERT INTO `soul`.`scale_evaluationrate`(`id`, `min`, `max`, `level`, `content`, `deleted`, `evaluation_id`, `advice`, `level_text`) VALUES (14, 19, 29, 3, '最近你有时会突然感到心境低落、沮丧，对周围的事情提不起兴趣，懒得与人交往。白天容易感到疲惫，没有办法像以前一样集中注意力，工作和学习上的动力也大不如前；生活无法再给你带来足够的满足感，虽然你还是会用和朋友聚会、吃美食、购物逛街等方式排解情绪，但这些这些方法并不能让你长时间开心起来。', 0, 7, '人在受到情绪困扰的时候，很容易在消极的想法里面沉迷深陷。很多研究证实，在这样的情形下，做冥想会很有帮助。当大脑无法停止转动的时候，把注意力放在身体上，比如摸一下 身边的物体，动动脚趾头，去走一走，或者去做件小事情。目的是，关注你身体的感觉,而借此将注意力放在当下。', '中度抑郁');
INSERT INTO `soul`.`scale_evaluationrate`(`id`, `min`, `max`, `level`, `content`, `deleted`, `evaluation_id`, `advice`, `level_text`) VALUES (15, 30, 63, 4, '最近你经常感到心境低落、忧郁沮丧，一些看似细微的琐事都能轻易引起你的负面情绪；那些曾经能够令你感到开心、放松的事情，最近似乎都丧失了原有的吸引力，就连与自己最好的朋友相处都觉得是一个负担；你经常感到疲惫、没有活力，注意力也很容易就被分散，工作或学习效率比以前下降了很多，记忆力也大不如以前；晚上无法入睡，白天不愿起床。这种情绪上的困扰已经影响了你的学习、工作及人际交往。', 0, 7, '关注心理健康是一个长期的过程， 如果你尝试了很多办法仍无法改善或减轻你的心理困扰，我们建议你及时寻求专业的心理帮助。你可以在专业心理服务的帮助下，获得心理健康专业评估及情感支持、找到影响你心理健康的原因和改善、解决心理困扰的方法。', '严重抑郁');
